{"stats":{"minecraft:picked_up":{"random_things:dead_tree_leaves":1},"minecraft:killed":{"random_things:placeholder":1,"minecraft:zombie_villager":1},"minecraft:used":{"random_things:radiated_dirt":14,"random_things:bombwasteland":3},"minecraft:dropped":{"random_things:dead_tree_leaves":1},"minecraft:custom":{"minecraft:jump":24,"minecraft:time_since_rest":2402,"minecraft:damage_dealt":49,"minecraft:leave_game":1,"minecraft:sprint_one_cm":2480,"minecraft:play_time":2402,"minecraft:time_since_death":2402,"minecraft:walk_one_cm":7050,"minecraft:total_world_time":2710,"minecraft:mob_kills":2,"minecraft:drop":1,"minecraft:fly_one_cm":27646}},"DataVersion":3465}