{
  "display": {
    "icon": {
      "item": "random_things:netherite_apple"
    },
    "title": {
      "translate": "advancements.i_feel_good.title"
    },
    "description": {
      "translate": "advancements.i_feel_good.descr"
    },
    "frame": "goal",
    "show_toast": true,
    "announce_to_chat": true,
    "hidden": false
  },
  "criteria": {
    "i_feel_good": {
      "trigger": "minecraft:consume_item",
      "conditions": {
        "item": {
          "items": [
            "random_things:netherite_apple"
          ]
        }
      }
    }
  },
  "parent": "random_things:what_happed_here"
}