{
  "display": {
    "background": "minecraft:textures/block/stone.png",
    "icon": {
      "item": "random_things:fragetacken"
    },
    "title": {
      "translate": "advancements.what_happed_here.title"
    },
    "description": {
      "translate": "advancements.what_happed_here.descr"
    },
    "frame": "task",
    "show_toast": true,
    "announce_to_chat": true,
    "hidden": false
  },
  "criteria": {
    "what_happed_here": {
      "trigger": "minecraft:changed_dimension",
      "conditions": {
        "to": "random_things:bombwasteland"
      }
    }
  },
  "rewards": {
    "experience": 9
  }
}