{
  "_fv": 57,
  "_type": "item",
  "definition": {
    "renderType": 0,
    "texture": "bedrocksword",
    "customModelName": "Normal",
    "customProperties": {},
    "states": [],
    "name": "Bedrock Sword",
    "rarity": "EPIC",
    "creativeTab": {
      "value": "CUSTOM:Randomthings"
    },
    "stackSize": 1,
    "enchantability": 93,
    "useDuration": 0,
    "toolType": 103.6,
    "damageCount": 0,
    "recipeRemainder": {
      "value": ""
    },
    "destroyAnyBlock": true,
    "immuneToFire": true,
    "stayInGridWhenCrafting": true,
    "damageOnCrafting": false,
    "enableMeleeDamage": true,
    "damageVsEntity": 100000.0,
    "specialInformation": {
      "fixedValue": []
    },
    "glowCondition": {
      "fixedValue": false
    },
    "guiBoundTo": "<NONE>",
    "inventorySize": 9,
    "inventoryStackSize": 1,
    "enableRanged": false,
    "shootConstantly": false,
    "projectile": {
      "value": "Arrow"
    },
    "isFood": false,
    "nutritionalValue": 4,
    "saturation": 0.3,
    "eatResultItem": {
      "value": ""
    },
    "isMeat": false,
    "isAlwaysEdible": false,
    "animation": "none"
  }
}