{
  "_fv": 57,
  "_type": "dimension",
  "definition": {
    "biomesInDimension": [
      {
        "value": "CUSTOM:Wasteland"
      }
    ],
    "worldGenType": "Normal world gen",
    "mainFillerBlock": {
      "value": "Blocks.DIRT#0"
    },
    "fluidBlock": {
      "value": "CUSTOM:RadietatedWater"
    },
    "canRespawnHere": false,
    "hasFog": true,
    "isDark": false,
    "doesWaterVaporize": true,
    "sleepResult": "ALLOW",
    "hasSkyLight": false,
    "imitateOverworldBehaviour": false,
    "portalFrame": {
      "value": "CUSTOM:RadiatedDirt"
    },
    "portalParticles": {
      "value": "PORTAL"
    },
    "portalLuminance": 0,
    "portalSound": {
      "value": "block.portal.ambient"
    },
    "enableIgniter": true,
    "igniterName": "Bomb wasteland Portal Igniter",
    "specialInformation": {
      "fixedValue": []
    },
    "igniterTab": {
      "value": "CUSTOM:Randomthings"
    },
    "texture": "reenflintandsteel",
    "portalTexture": "wastelandportal",
    "enablePortal": true
  }
}