{
  "_fv": 57,
  "_type": "recipe",
  "definition": {
    "recipeType": "Crafting",
    "recipeRetstackSize": 6,
    "group": "wooden_slab",
    "cookingBookCategory": "MISC",
    "xpReward": 0.0,
    "cookingTime": 200,
    "craftingBookCategory": "BUILDING",
    "recipeShapeless": false,
    "recipeSlots": [
      {
        "value": ""
      },
      {
        "value": ""
      },
      {
        "value": ""
      },
      {
        "value": ""
      },
      {
        "value": ""
      },
      {
        "value": ""
      },
      {
        "value": "CUSTOM:DeadTreePlanks"
      },
      {
        "value": "CUSTOM:DeadTreePlanks"
      },
      {
        "value": "CUSTOM:DeadTreePlanks"
      }
    ],
    "recipeReturnStack": {
      "value": "CUSTOM:DeadTreeSlab"
    },
    "name": "dead_tree_slab_recipe",
    "namespace": "mod"
  }
}