{
  "_fv": 57,
  "_type": "recipe",
  "definition": {
    "recipeType": "Crafting",
    "recipeRetstackSize": 3,
    "group": "bark",
    "cookingBookCategory": "MISC",
    "xpReward": 0.0,
    "cookingTime": 200,
    "craftingBookCategory": "BUILDING",
    "recipeShapeless": false,
    "recipeSlots": [
      {
        "value": "CUSTOM:DeadTreeLog"
      },
      {
        "value": "CUSTOM:DeadTreeLog"
      },
      {
        "value": ""
      },
      {
        "value": "CUSTOM:DeadTreeLog"
      },
      {
        "value": "CUSTOM:DeadTreeLog"
      },
      {
        "value": ""
      },
      {
        "value": ""
      },
      {
        "value": ""
      },
      {
        "value": ""
      }
    ],
    "recipeReturnStack": {
      "value": "CUSTOM:DeadTreeWood"
    },
    "name": "dead_tree_wood_recipe",
    "namespace": "mod"
  }
}