{
  "_fv": 57,
  "_type": "biome",
  "definition": {
    "name": "Wasteland",
    "groundBlock": {
      "value": "Blocks.DIRT#0"
    },
    "undergroundBlock": {
      "value": "Blocks.STONE#0"
    },
    "underwaterBlock": {
      "value": ""
    },
    "grassColor": {
      "value": -10079488,
      "falpha": 0.0
    },
    "foliageColor": {
      "value": -10066432,
      "falpha": 0.0
    },
    "waterColor": {
      "value": -16737997,
      "falpha": 0.0
    },
    "waterFogColor": {
      "value": -16751104,
      "falpha": 0.0
    },
    "ambientSound": {
      "value": ""
    },
    "additionsSound": {
      "value": "ambient.basalt_deltas.additions"
    },
    "music": {
      "value": "ambient.basalt_deltas.loop"
    },
    "moodSound": {
      "value": "ambient.basalt_deltas.mood"
    },
    "moodSoundDelay": 6000,
    "spawnParticles": false,
    "particleToSpawn": {
      "value": "EXPLOSION_EMITTER"
    },
    "particlesProbability": 0.1,
    "rainingPossibility": 0.0,
    "temperature": 2.0,
    "spawnBiome": false,
    "spawnInCaves": false,
    "spawnBiomeNether": false,
    "genTemperature": {
      "min": -0.4855,
      "max": 0.5105999999999999
    },
    "genHumidity": {
      "min": -0.4905,
      "max": 0.5
    },
    "genContinentalness": {
      "min": 0.3001,
      "max": 1.0048
    },
    "genErosion": {
      "min": -0.49620000000000003,
      "max": 0.5044
    },
    "genWeirdness": {
      "min": -1.0,
      "max": 1.0
    },
    "treesPerChunk": 1,
    "vanillaTreeType": "Default",
    "treeType": 1,
    "minHeight": 7,
    "treeStem": {
      "value": "CUSTOM:DeadTreeLog"
    },
    "treeBranch": {
      "value": "CUSTOM:DeadTreeLeaves"
    },
    "treeVines": {
      "value": ""
    },
    "treeFruits": {
      "value": ""
    },
    "defaultFeatures": [
      "DeadBushes"
    ],
    "spawnStronghold": false,
    "spawnMineshaft": false,
    "spawnMineshaftMesa": false,
    "spawnPillagerOutpost": false,
    "villageType": "none",
    "spawnWoodlandMansion": false,
    "spawnJungleTemple": false,
    "spawnDesertPyramid": false,
    "spawnSwampHut": false,
    "spawnIgloo": false,
    "spawnOceanMonument": false,
    "spawnShipwreck": false,
    "spawnShipwreckBeached": false,
    "spawnBuriedTreasure": false,
    "oceanRuinType": "NONE",
    "spawnNetherBridge": false,
    "spawnNetherFossil": false,
    "spawnBastionRemnant": false,
    "spawnEndCity": false,
    "spawnRuinedPortal": "STANDARD",
    "spawnEntries": [
      {
        "entity": {
          "value": "EntityMooshroom"
        },
        "minGroup": 1,
        "maxGroup": 4,
        "weight": 20,
        "spawnType": "creature"
      },
      {
        "entity": {
          "value": "CUSTOM:Placeholder"
        },
        "minGroup": 4,
        "maxGroup": 4,
        "weight": 20,
        "spawnType": "creature"
      }
    ]
  }
}