{
  "_fv": 57,
  "_type": "achievement",
  "definition": {
    "achievementName": "What Happed Here",
    "achievementDescription": "Use a portal to get to the bomb wasteland dimension",
    "achievementIcon": {
      "value": "CUSTOM:Fragetacken"
    },
    "background": "Default",
    "disableDisplay": false,
    "showPopup": true,
    "announceToChat": true,
    "hideIfNotCompleted": false,
    "rewardLoot": [],
    "rewardRecipes": [],
    "rewardFunction": "No function",
    "rewardXP": 9,
    "achievementType": "task",
    "parent": {
      "value": "No parent: root"
    },
    "triggerxml": "<xml xmlns=\"https://developers.google.com/blockly/xml\"><block type=\"dimension_entered\" x=\"42\" y=\"39\"><field name=\"dimension\">CUSTOM:Bombwasteland</field><next><block type=\"advancement_trigger\" deletable=\"false\"></block></next></block></xml>"
  }
}