{
  "has_precipitation": false,
  "temperature": 2,
  "downfall": 0,
  "effects": {
    "mood_sound": {
      "sound": "ambient.basalt_deltas.mood",
      "tick_delay": 6000,
      "offset": 8,
      "block_search_extent": 2
    },
    "additions_sound": {
      "sound": "ambient.basalt_deltas.additions",
      "tick_chance": 0.0111
    },
    "music": {
      "sound": "ambient.basalt_deltas.loop",
      "min_delay": 12000,
      "max_delay": 24000,
      "replace_current_music": true
    },
    "foliage_color": -10066432,
    "grass_color": -10079488,
    "sky_color": 7972607,
    "fog_color": 12638463,
    "water_color": -16737997,
    "water_fog_color": -16751104
  },
  "spawners": {
    "monster": [],
    "creature": [
      {
        "type": "mooshroom",
        "weight": 20,
        "minCount": 1,
        "maxCount": 4
      },
      {
        "type": "random_things:placeholder",
        "weight": 20,
        "minCount": 4,
        "maxCount": 4
      }
    ],
    "ambient": [],
    "axolotls": [],
    "underground_water_creature": [],
    "water_creature": [],
    "water_ambient": [],
    "misc": []
  },
  "spawn_costs": {},
  "carvers": {},
  "features": [
    [],
    [],
    [],
    [],
    [],
    [],
    [],
    [],
    [],
    [
      "random_things:wasteland_tree",
      "minecraft:patch_dead_bush_2"
    ],
    []
  ]
}